station_id,mapped_integer
1934290380966283526,1
759171ce-f355-4740-948d-e14bb8f7dc0e,2
a3b10a40-a135-11e9-9cda-0a87ae2ba916,3
430d5876-c44d-446e-ac53-065da9fb9c17,4
a3b23785-a135-11e9-9cda-0a87ae2ba916,5
a3aa0bb7-a135-11e9-9cda-0a87ae2ba916,6
a3b24701-a135-11e9-9cda-0a87ae2ba916,7
a3a6c38e-a135-11e9-9cda-0a87ae2ba916,8
a3a5d3bb-a135-11e9-9cda-0a87ae2ba916,9
a3aaa68b-a135-11e9-9cda-0a87ae2ba916,10
a3a9b1d7-a135-11e9-9cda-0a87ae2ba916,11
a3a80512-a135-11e9-9cda-0a87ae2ba916,12
a3ac35ed-a135-11e9-9cda-0a87ae2ba916,13
a3b13836-a135-11e9-9cda-0a87ae2ba916,14
a3ab9119-a135-11e9-9cda-0a87ae2ba916,15
732c9f35-0c82-4128-acc3-2cf447298b1d,16
a3a52df5-a135-11e9-9cda-0a87ae2ba916,17
a3b48c07-a135-11e9-9cda-0a87ae2ba916,18
a3addda0-a135-11e9-9cda-0a87ae2ba916,19
a3ad95a7-a135-11e9-9cda-0a87ae2ba916,20
a3aa4017-a135-11e9-9cda-0a87ae2ba916,21
1869054242749504212,22
a3a82c6c-a135-11e9-9cda-0a87ae2ba916,23
a3af2c5f-a135-11e9-9cda-0a87ae2ba916,24
a3af460f-a135-11e9-9cda-0a87ae2ba916,25
a3aa8ca0-a135-11e9-9cda-0a87ae2ba916,26
1929905600854819414,27
a3b00b3a-a135-11e9-9cda-0a87ae2ba916,28
1928792940289520096,29
a3b477ac-a135-11e9-9cda-0a87ae2ba916,30
1934289361049585738,31
a3ad4d1b-a135-11e9-9cda-0a87ae2ba916,32
a3a5f5e6-a135-11e9-9cda-0a87ae2ba916,33
a3a96aca-a135-11e9-9cda-0a87ae2ba916,34
a3a9f76a-a135-11e9-9cda-0a87ae2ba916,35
a3b47cbc-a135-11e9-9cda-0a87ae2ba916,36
a3a7f0ba-a135-11e9-9cda-0a87ae2ba916,37
a3af52bc-a135-11e9-9cda-0a87ae2ba916,38
a3b23cb8-a135-11e9-9cda-0a87ae2ba916,39
a3a83ba1-a135-11e9-9cda-0a87ae2ba916,40
1929538112769137066,41
1882466626513795782,42
1933998036428004326,43
a3b2d7d9-a135-11e9-9cda-0a87ae2ba916,44
792ceba0-564f-4a2c-bcb5-90da781ffeef,45
a3b4399a-a135-11e9-9cda-0a87ae2ba916,46
a3a97a01-a135-11e9-9cda-0a87ae2ba916,47
1799277526470631980,48
a3b2d2b7-a135-11e9-9cda-0a87ae2ba916,49
a3a8804b-a135-11e9-9cda-0a87ae2ba916,50
a3b2862e-a135-11e9-9cda-0a87ae2ba916,51
a3a547b8-a135-11e9-9cda-0a87ae2ba916,52
f0f9f5dc-3d3f-4a32-aa3e-b87566e44de9,53
90011328-f7bd-4b7b-8f95-8204a0b50f27,54
a3b20960-a135-11e9-9cda-0a87ae2ba916,55
a21de1a5-f5bc-4b50-8a13-aa28b7dcfa95,56
a3a3a282-a135-11e9-9cda-0a87ae2ba916,57
a3ac7e9a-a135-11e9-9cda-0a87ae2ba916,58
a3a859c4-a135-11e9-9cda-0a87ae2ba916,59
a3b1fa1c-a135-11e9-9cda-0a87ae2ba916,60
a3afbe2e-a135-11e9-9cda-0a87ae2ba916,61
a3ac3b03-a135-11e9-9cda-0a87ae2ba916,62
a3a72012-a135-11e9-9cda-0a87ae2ba916,63
a3b148bf-a135-11e9-9cda-0a87ae2ba916,64
1879436840905128284,65
a3a8855c-a135-11e9-9cda-0a87ae2ba916,66
a3a59ec3-a135-11e9-9cda-0a87ae2ba916,67
a3ae87fa-a135-11e9-9cda-0a87ae2ba916,68
a3ad13e4-a135-11e9-9cda-0a87ae2ba916,69
a3b222fc-a135-11e9-9cda-0a87ae2ba916,70
a3a3f0c6-a135-11e9-9cda-0a87ae2ba916,71
a3a5700b-a135-11e9-9cda-0a87ae2ba916,72
a3b3915a-a135-11e9-9cda-0a87ae2ba916,73
a3ac1607-a135-11e9-9cda-0a87ae2ba916,74
1871992980799203880,75
1929883678185797908,76
a3acdae2-a135-11e9-9cda-0a87ae2ba916,77
da9e6779-5056-4d45-bae3-9dc325ed2807,78
a3b2905a-a135-11e9-9cda-0a87ae2ba916,79
a3a795d7-a135-11e9-9cda-0a87ae2ba916,80
a3a5a9d0-a135-11e9-9cda-0a87ae2ba916,81
a3b2c87c-a135-11e9-9cda-0a87ae2ba916,82
a3a3ace6-a135-11e9-9cda-0a87ae2ba916,83
1934288718318207280,84
a3b1d532-a135-11e9-9cda-0a87ae2ba916,85
a3a75d8a-a135-11e9-9cda-0a87ae2ba916,86
94788869-1849-43f6-99e1-2eacbc3fab03,87
a3aabad8-a135-11e9-9cda-0a87ae2ba916,88
a3a3b731-a135-11e9-9cda-0a87ae2ba916,89
1850866657089146912,90
a3af8123-a135-11e9-9cda-0a87ae2ba916,91
a3a62aad-a135-11e9-9cda-0a87ae2ba916,92
a3a614ad-a135-11e9-9cda-0a87ae2ba916,93
a3a79adb-a135-11e9-9cda-0a87ae2ba916,94
a3af9a83-a135-11e9-9cda-0a87ae2ba916,95
a3a62fc9-a135-11e9-9cda-0a87ae2ba916,96
1867616662773391950,97
a3a41004-a135-11e9-9cda-0a87ae2ba916,98
ff21c158-de98-46c6-9ef7-7082bdb7c634,99
1862806445904101456,100
a3a76cb6-a135-11e9-9cda-0a87ae2ba916,101
a3b29fae-a135-11e9-9cda-0a87ae2ba916,102
a3ad7636-a135-11e9-9cda-0a87ae2ba916,103
a3a9c5f7-a135-11e9-9cda-0a87ae2ba916,104
e63300bd-4ca3-4255-adfd-522289d68b8a,105
a3ac9d43-a135-11e9-9cda-0a87ae2ba916,106
a3a62566-a135-11e9-9cda-0a87ae2ba916,107
a3ad8072-a135-11e9-9cda-0a87ae2ba916,108
a3ac7444-a135-11e9-9cda-0a87ae2ba916,109
a3a8999a-a135-11e9-9cda-0a87ae2ba916,110
a3a497b6-a135-11e9-9cda-0a87ae2ba916,111
1934289944388426278,112
a3a4ac3f-a135-11e9-9cda-0a87ae2ba916,113
a3a9c0f6-a135-11e9-9cda-0a87ae2ba916,114
a3b2be3a-a135-11e9-9cda-0a87ae2ba916,115
a3ac30c5-a135-11e9-9cda-0a87ae2ba916,116
a3acb1de-a135-11e9-9cda-0a87ae2ba916,117
a3b01a86-a135-11e9-9cda-0a87ae2ba916,118
a3acea44-a135-11e9-9cda-0a87ae2ba916,119
4843d153-c725-4230-a4c7-402da6a62143,120
1871993715238611622,121
a3a565b1-a135-11e9-9cda-0a87ae2ba916,122
a3af5d1c-a135-11e9-9cda-0a87ae2ba916,123
a3a75885-a135-11e9-9cda-0a87ae2ba916,124
1934289130932983934,125
a3b22d3d-a135-11e9-9cda-0a87ae2ba916,126
a3a3b202-a135-11e9-9cda-0a87ae2ba916,127
a3aae35a-a135-11e9-9cda-0a87ae2ba916,128
a3b11480-a135-11e9-9cda-0a87ae2ba916,129
a3af2737-a135-11e9-9cda-0a87ae2ba916,130
a3ab86b6-a135-11e9-9cda-0a87ae2ba916,131
a3a965b2-a135-11e9-9cda-0a87ae2ba916,132
1850868044363584392,133
1931696364106218226,134
1890605196211329420,135
a3b1c47b-a135-11e9-9cda-0a87ae2ba916,136
a3b481e1-a135-11e9-9cda-0a87ae2ba916,137
a3afd294-a135-11e9-9cda-0a87ae2ba916,138
a3b13e66-a135-11e9-9cda-0a87ae2ba916,139
a3a5de24-a135-11e9-9cda-0a87ae2ba916,140
a3a3e67b-a135-11e9-9cda-0a87ae2ba916,141
a3afb401-a135-11e9-9cda-0a87ae2ba916,142
a3a528d0-a135-11e9-9cda-0a87ae2ba916,143
a3aa35a4-a135-11e9-9cda-0a87ae2ba916,144
a3b419d9-a135-11e9-9cda-0a87ae2ba916,145
a3a854bf-a135-11e9-9cda-0a87ae2ba916,146
a3b3634c-a135-11e9-9cda-0a87ae2ba916,147
a3a99d47-a135-11e9-9cda-0a87ae2ba916,148
a3afd7ab-a135-11e9-9cda-0a87ae2ba916,149
a3ad2d57-a135-11e9-9cda-0a87ae2ba916,150
a3b0fae6-a135-11e9-9cda-0a87ae2ba916,151
a3a48d5c-a135-11e9-9cda-0a87ae2ba916,152
a60781db-2bec-4a15-a4a2-363297aefcec,153
1934290608103817582,154
1890603435601779460,155
1866477298337982542,156
1934290131858180982,157
1934290793283144612,158
a3b42a3e-a135-11e9-9cda-0a87ae2ba916,159
1870208802121658482,160
a3aa91f4-a135-11e9-9cda-0a87ae2ba916,161
1871990322214447924,162
a3a3f5e9-a135-11e9-9cda-0a87ae2ba916,163
a3adbedf-a135-11e9-9cda-0a87ae2ba916,164
a3b1efd6-a135-11e9-9cda-0a87ae2ba916,165
87d2a090-22cd-471b-b622-fef3923999dd,166
a3b3968b-a135-11e9-9cda-0a87ae2ba916,167
a3aaca0e-a135-11e9-9cda-0a87ae2ba916,168
a3b38728-a135-11e9-9cda-0a87ae2ba916,169
a3acacbc-a135-11e9-9cda-0a87ae2ba916,170
a3a6054c-a135-11e9-9cda-0a87ae2ba916,171
a3ad8587-a135-11e9-9cda-0a87ae2ba916,172
a3a89488-a135-11e9-9cda-0a87ae2ba916,173
b43a9764-2b1d-4fa0-a13f-7e05eddc7fcd,174
1859717449875884116,175
391d5cd8-c87c-42f8-94df-823f94284005,176
a3a6fcac-a135-11e9-9cda-0a87ae2ba916,177
a3a9a778-a135-11e9-9cda-0a87ae2ba916,178
a3b11993-a135-11e9-9cda-0a87ae2ba916,179
a3ad61c2-a135-11e9-9cda-0a87ae2ba916,180
a3b2f698-a135-11e9-9cda-0a87ae2ba916,181
1930641272056945296,182
a3a4ea00-a135-11e9-9cda-0a87ae2ba916,183
1927677528601722888,184
a3b0bd42-a135-11e9-9cda-0a87ae2ba916,185
a3afc347-a135-11e9-9cda-0a87ae2ba916,186
a3a4d069-a135-11e9-9cda-0a87ae2ba916,187
1926982189560422428,188
a3a5d8db-a135-11e9-9cda-0a87ae2ba916,189
a3b02ef1-a135-11e9-9cda-0a87ae2ba916,190
c4040b17-88bd-40ab-9aae-2655d6771580,191
a3a8711c-a135-11e9-9cda-0a87ae2ba916,192
a3a5b496-a135-11e9-9cda-0a87ae2ba916,193
a3afb917-a135-11e9-9cda-0a87ae2ba916,194
a3a42a93-a135-11e9-9cda-0a87ae2ba916,195
a3a3eb9a-a135-11e9-9cda-0a87ae2ba916,196
1929121088624564460,197
a3b20e8a-a135-11e9-9cda-0a87ae2ba916,198
a3b0d1d5-a135-11e9-9cda-0a87ae2ba916,199
1863873701095594368,200
a3acd5b1-a135-11e9-9cda-0a87ae2ba916,201
a3ac83bc-a135-11e9-9cda-0a87ae2ba916,202
1e7e4cf3-a16b-4cb7-9ead-fdd71e07ea77,203
a3ac7978-a135-11e9-9cda-0a87ae2ba916,204
a3a9acc5-a135-11e9-9cda-0a87ae2ba916,205
a3b29a90-a135-11e9-9cda-0a87ae2ba916,206
a3a46896-a135-11e9-9cda-0a87ae2ba916,207
a3a7dc8c-a135-11e9-9cda-0a87ae2ba916,208
1861613253877461614,209
a3aca790-a135-11e9-9cda-0a87ae2ba916,210
a3a39301-a135-11e9-9cda-0a87ae2ba916,211
1932496568454183892,212
a3a5f0b8-a135-11e9-9cda-0a87ae2ba916,213
a3a8224f-a135-11e9-9cda-0a87ae2ba916,214
1871991855517771832,215
1929121521556988340,216
a3a88a6d-a135-11e9-9cda-0a87ae2ba916,217
a3af956e-a135-11e9-9cda-0a87ae2ba916,218
8fd03909-317e-4b6c-b8e9-f4c28b4c90b1,219
a3b49122-a135-11e9-9cda-0a87ae2ba916,220
9e5ce0b6-198f-48fa-9363-64ab5ec2b222,221
a3aab5c1-a135-11e9-9cda-0a87ae2ba916,222
a3a49288-a135-11e9-9cda-0a87ae2ba916,223
625e37ea-24ea-4f13-9a54-6322466ec521,224
14d6e4b0-d0cc-4ccb-b757-e596d8c24a99,225
a3aca268-a135-11e9-9cda-0a87ae2ba916,226
a3b30b06-a135-11e9-9cda-0a87ae2ba916,227
a3b26acf-a135-11e9-9cda-0a87ae2ba916,228
6fd280b0-74de-4a89-947d-3be40afa079c,229
a3a4c618-a135-11e9-9cda-0a87ae2ba916,230
a3ad42c3-a135-11e9-9cda-0a87ae2ba916,231
a3a5af44-a135-11e9-9cda-0a87ae2ba916,232
a3b2810e-a135-11e9-9cda-0a87ae2ba916,233
a3b35885-a135-11e9-9cda-0a87ae2ba916,234
a3a6f7a5-a135-11e9-9cda-0a87ae2ba916,235
1869052846885132442,236
a3ad5c90-a135-11e9-9cda-0a87ae2ba916,237
1872721263815561908,238
a3b45e26-a135-11e9-9cda-0a87ae2ba916,239
7e435d2a-617e-4c3f-bed0-a8801c20f265,240
a3a77c8d-a135-11e9-9cda-0a87ae2ba916,241
1863873159929715228,242
8995498f-1209-4b06-9317-01cd695b3b61,243
1867617341378224632,244
a3b46866-a135-11e9-9cda-0a87ae2ba916,245
a3a58ee0-a135-11e9-9cda-0a87ae2ba916,246
1850867138125484782,247
a3add889-a135-11e9-9cda-0a87ae2ba916,248
a3a44ec7-a135-11e9-9cda-0a87ae2ba916,249
a3b0eb93-a135-11e9-9cda-0a87ae2ba916,250
a3b2b92c-a135-11e9-9cda-0a87ae2ba916,251
a3a88f84-a135-11e9-9cda-0a87ae2ba916,252
a3a3bc53-a135-11e9-9cda-0a87ae2ba916,253
a3ad1e12-a135-11e9-9cda-0a87ae2ba916,254
22afe78c-e8f7-4a80-969e-7ddeafdf49da,255
1926946441362045298,256
a3a7d279-a135-11e9-9cda-0a87ae2ba916,257
a3ab8bee-a135-11e9-9cda-0a87ae2ba916,258
a3aa59bb-a135-11e9-9cda-0a87ae2ba916,259
a3a7af11-a135-11e9-9cda-0a87ae2ba916,260
a77136ee-060b-433b-88d0-ec74af1ef7ad,261
a3af2216-a135-11e9-9cda-0a87ae2ba916,262
a3a62025-a135-11e9-9cda-0a87ae2ba916,263
a3b218cd-a135-11e9-9cda-0a87ae2ba916,264
a3af624c-a135-11e9-9cda-0a87ae2ba916,265
a3b1ff34-a135-11e9-9cda-0a87ae2ba916,266
a3aa4f80-a135-11e9-9cda-0a87ae2ba916,267
a3aa7373-a135-11e9-9cda-0a87ae2ba916,268
a3b2e20c-a135-11e9-9cda-0a87ae2ba916,269
a3b300d3-a135-11e9-9cda-0a87ae2ba916,270
a3af5804-a135-11e9-9cda-0a87ae2ba916,271
a3b310ac-a135-11e9-9cda-0a87ae2ba916,272
a3b453f2-a135-11e9-9cda-0a87ae2ba916,273
c3f1be96-07c2-4c65-8a1d-f2203de88495,274
a3a7cd56-a135-11e9-9cda-0a87ae2ba916,275
a3ad8aa3-a135-11e9-9cda-0a87ae2ba916,276
a3b0f0b6-a135-11e9-9cda-0a87ae2ba916,277
a3a6e359-a135-11e9-9cda-0a87ae2ba916,278
1872721624592814362,279
a3b00055-a135-11e9-9cda-0a87ae2ba916,280
a3a866a5-a135-11e9-9cda-0a87ae2ba916,281
a3a378ca-a135-11e9-9cda-0a87ae2ba916,282
a3b3686c-a135-11e9-9cda-0a87ae2ba916,283
a3a5c440-a135-11e9-9cda-0a87ae2ba916,284
a3b21de7-a135-11e9-9cda-0a87ae2ba916,285
1754781885939323186,286
a3b377cb-a135-11e9-9cda-0a87ae2ba916,287
1866476559603607834,288
1861588043429399408,289
c1f104db-9ee7-4999-bd4a-ddd766c75e04,290
a3a42574-a135-11e9-9cda-0a87ae2ba916,291
a3b26084-a135-11e9-9cda-0a87ae2ba916,292
a3b4728f-a135-11e9-9cda-0a87ae2ba916,293
a3a434ce-a135-11e9-9cda-0a87ae2ba916,294
a065d29d-a081-47f4-8d0f-9a572f6085fe,295
a3a3a7b4-a135-11e9-9cda-0a87ae2ba916,296
a3ad2843-a135-11e9-9cda-0a87ae2ba916,297
1929121887488481484,298
a3b1eaa7-a135-11e9-9cda-0a87ae2ba916,299
a3aa10ca-a135-11e9-9cda-0a87ae2ba916,300
a3b22815-a135-11e9-9cda-0a87ae2ba916,301
a3b241df-a135-11e9-9cda-0a87ae2ba916,302
a3a41526-a135-11e9-9cda-0a87ae2ba916,303
a3ab812d-a135-11e9-9cda-0a87ae2ba916,304
a3a5a48b-a135-11e9-9cda-0a87ae2ba916,305
a3b3820c-a135-11e9-9cda-0a87ae2ba916,306
a3a45e3b-a135-11e9-9cda-0a87ae2ba916,307
a3ac4548-a135-11e9-9cda-0a87ae2ba916,308
a3a6e866-a135-11e9-9cda-0a87ae2ba916,309
a3a64639-a135-11e9-9cda-0a87ae2ba916,310
a3b25656-a135-11e9-9cda-0a87ae2ba916,311
a3ac2671-a135-11e9-9cda-0a87ae2ba916,312
a3aff616-a135-11e9-9cda-0a87ae2ba916,313
a3a57a52-a135-11e9-9cda-0a87ae2ba916,314
61695579-2f75-4090-a071-c76079b5fb5d,315
a3a61a0b-a135-11e9-9cda-0a87ae2ba916,316
a3ad7b51-a135-11e9-9cda-0a87ae2ba916,317
a3a4f46b-a135-11e9-9cda-0a87ae2ba916,318
a3b0d6ec-a135-11e9-9cda-0a87ae2ba916,319
a3a46e71-a135-11e9-9cda-0a87ae2ba916,320
a3aa5ed1-a135-11e9-9cda-0a87ae2ba916,321
a3a771c2-a135-11e9-9cda-0a87ae2ba916,322
a3b10f66-a135-11e9-9cda-0a87ae2ba916,323
a3a4f993-a135-11e9-9cda-0a87ae2ba916,324
1932128180709716638,325
1934288914372987240,326
a3b4afb6-a135-11e9-9cda-0a87ae2ba916,327
1861997616150114834,328
a3a9bbf0-a135-11e9-9cda-0a87ae2ba916,329
0f9b826b-8885-4c25-96fd-9e2c2074c34e,330
a3a6f2a2-a135-11e9-9cda-0a87ae2ba916,331
a3a6ce53-a135-11e9-9cda-0a87ae2ba916,332
1867227665093179888,333
a3a503e5-a135-11e9-9cda-0a87ae2ba916,334
a3b24c1f-a135-11e9-9cda-0a87ae2ba916,335
a3b0104c-a135-11e9-9cda-0a87ae2ba916,336
a3b143aa-a135-11e9-9cda-0a87ae2ba916,337
a3a7c341-a135-11e9-9cda-0a87ae2ba916,338
2f5957e4-e83a-4d5a-b073-ec9422989315,339
1861594737501366386,340
98fe78dc-4efa-4b39-a47c-0d94abcdb221,341
a3afc858-a135-11e9-9cda-0a87ae2ba916,342
87c01e57-8a00-430d-9eb3-2abe51e535dd,343
a3aa7db3-a135-11e9-9cda-0a87ae2ba916,344
a3a4c0df-a135-11e9-9cda-0a87ae2ba916,345
a3acef62-a135-11e9-9cda-0a87ae2ba916,346
a3aa9c65-a135-11e9-9cda-0a87ae2ba916,347
1932836901177930130,348
a3a7258b-a135-11e9-9cda-0a87ae2ba916,349
a3a3d1b8-a135-11e9-9cda-0a87ae2ba916,350
a3ac4a7c-a135-11e9-9cda-0a87ae2ba916,351
1929934715947649384,352
a3a43f48-a135-11e9-9cda-0a87ae2ba916,353
bbf9b599-1873-4133-b670-a0ef9e5c429c,354
3d1da4c7-23c9-4731-81f5-91db08f6c97f,355
a3ae82e0-a135-11e9-9cda-0a87ae2ba916,356
1869036027793202092,357
1867616044298100822,358
a3af4b26-a135-11e9-9cda-0a87ae2ba916,359
1927695368784189454,360
a3b486f2-a135-11e9-9cda-0a87ae2ba916,361
1931391724317609988,362
a3a482fb-a135-11e9-9cda-0a87ae2ba916,363
a3ad9ad9-a135-11e9-9cda-0a87ae2ba916,364
a3a405a1-a135-11e9-9cda-0a87ae2ba916,365
7dc58bb9-24de-4544-9a12-c3975139370f,366
a3a9e44a-a135-11e9-9cda-0a87ae2ba916,367
a3aa692e-a135-11e9-9cda-0a87ae2ba916,368
a3a85eda-a135-11e9-9cda-0a87ae2ba916,369
a3a9d529-a135-11e9-9cda-0a87ae2ba916,370
a3b28b4a-a135-11e9-9cda-0a87ae2ba916,371
a3aad940-a135-11e9-9cda-0a87ae2ba916,372
6849c4e2-cffa-432b-8d83-5c0524594b4f,373
0eeb6baf-c653-4a1a-af17-99f686116b89,374
a3a589b9-a135-11e9-9cda-0a87ae2ba916,375
bc4d498d-c272-4474-beca-10e5268e7253,376
1932113567217736592,377
a3b4a579-a135-11e9-9cda-0a87ae2ba916,378
a3b4aa91-a135-11e9-9cda-0a87ae2ba916,379
a3a57527-a135-11e9-9cda-0a87ae2ba916,380
a3a7be40-a135-11e9-9cda-0a87ae2ba916,381
a3acfa38-a135-11e9-9cda-0a87ae2ba916,382
a3b42f5f-a135-11e9-9cda-0a87ae2ba916,383
a3ad711d-a135-11e9-9cda-0a87ae2ba916,384
a3b1db23-a135-11e9-9cda-0a87ae2ba916,385
a3b37ce0-a135-11e9-9cda-0a87ae2ba916,386
a3a37e26-a135-11e9-9cda-0a87ae2ba916,387
a3b41f78-a135-11e9-9cda-0a87ae2ba916,388
a3acd078-a135-11e9-9cda-0a87ae2ba916,389
a3a38363-a135-11e9-9cda-0a87ae2ba916,390
a3aa2abb-a135-11e9-9cda-0a87ae2ba916,391
a3afa4c3-a135-11e9-9cda-0a87ae2ba916,392
a3a593fc-a135-11e9-9cda-0a87ae2ba916,393
a3a3e158-a135-11e9-9cda-0a87ae2ba916,394
a3a3c174-a135-11e9-9cda-0a87ae2ba916,395
a3af1cec-a135-11e9-9cda-0a87ae2ba916,396
ce334dea-c5ba-45ca-a52d-39dc161683b0,397
4b4b0d88-80e0-4ef9-a8d1-cdd6a16722f9,398
a3af8642-a135-11e9-9cda-0a87ae2ba916,399
1934009488956756950,400
1928795714838393816,401
a3a86c05-a135-11e9-9cda-0a87ae2ba916,402
a3a53843-a135-11e9-9cda-0a87ae2ba916,403
ad9f8858-dc27-43ca-8fdc-78044b22f1fc,404
a3b0dc1f-a135-11e9-9cda-0a87ae2ba916,405
a3a9ecff-a135-11e9-9cda-0a87ae2ba916,406
1863878044896486356,407
a3a78bc0-a135-11e9-9cda-0a87ae2ba916,408
a3a55b3e-a135-11e9-9cda-0a87ae2ba916,409
a3adce47-a135-11e9-9cda-0a87ae2ba916,410
a3aa0699-a135-11e9-9cda-0a87ae2ba916,411
a3a39d55-a135-11e9-9cda-0a87ae2ba916,412
a3b43eb7-a135-11e9-9cda-0a87ae2ba916,413
a3b2b419-a135-11e9-9cda-0a87ae2ba916,414
a3b424f6-a135-11e9-9cda-0a87ae2ba916,415
34dc92b5-7cb7-4536-856b-46644d31b48c,416
a3a56075-a135-11e9-9cda-0a87ae2ba916,417
a3a453fa-a135-11e9-9cda-0a87ae2ba916,418
1861589903150238332,419
a3ada52f-a135-11e9-9cda-0a87ae2ba916,420
a3a5ce97-a135-11e9-9cda-0a87ae2ba916,421
a3a974e1-a135-11e9-9cda-0a87ae2ba916,422
a3b2e72c-a135-11e9-9cda-0a87ae2ba916,423
a3a4591a-a135-11e9-9cda-0a87ae2ba916,424
a3ade2c3-a135-11e9-9cda-0a87ae2ba916,425
a3a4cb42-a135-11e9-9cda-0a87ae2ba916,426
a3af9064-a135-11e9-9cda-0a87ae2ba916,427
a3a9da3b-a135-11e9-9cda-0a87ae2ba916,428
a3a5e353-a135-11e9-9cda-0a87ae2ba916,429
a3b2659d-a135-11e9-9cda-0a87ae2ba916,430
a3afe6ed-a135-11e9-9cda-0a87ae2ba916,431
a3a786ac-a135-11e9-9cda-0a87ae2ba916,432
a3a40ad8-a135-11e9-9cda-0a87ae2ba916,433
a3a4daa1-a135-11e9-9cda-0a87ae2ba916,434
a3a37378-a135-11e9-9cda-0a87ae2ba916,435
a3a5eb69-a135-11e9-9cda-0a87ae2ba916,436
a3b0f5c9-a135-11e9-9cda-0a87ae2ba916,437
a3a94bc8-a135-11e9-9cda-0a87ae2ba916,438
a3a7b936-a135-11e9-9cda-0a87ae2ba916,439
a3b38c3f-a135-11e9-9cda-0a87ae2ba916,440
a3af6c2f-a135-11e9-9cda-0a87ae2ba916,441
1934289552037596050,442
1932130426977611818,443
a3ad6c01-a135-11e9-9cda-0a87ae2ba916,444
1775509322900183222,445
a3acbc0b-a135-11e9-9cda-0a87ae2ba916,446
a3a7e19b-a135-11e9-9cda-0a87ae2ba916,447
a3ada002-a135-11e9-9cda-0a87ae2ba916,448
a3af1767-a135-11e9-9cda-0a87ae2ba916,449
1932441844638063332,450
a3a4bbba-a135-11e9-9cda-0a87ae2ba916,451
a3a50ec8-a135-11e9-9cda-0a87ae2ba916,452
a3b0e657-a135-11e9-9cda-0a87ae2ba916,453
a3a9a24f-a135-11e9-9cda-0a87ae2ba916,454
a3a8275e-a135-11e9-9cda-0a87ae2ba916,455
a3af9f99-a135-11e9-9cda-0a87ae2ba916,456
a3a6d371-a135-11e9-9cda-0a87ae2ba916,457
a3ac2b9c-a135-11e9-9cda-0a87ae2ba916,458
a3ac9834-a135-11e9-9cda-0a87ae2ba916,459
a3b372b1-a135-11e9-9cda-0a87ae2ba916,460
a3b2dcf0-a135-11e9-9cda-0a87ae2ba916,461
a3aac4f9-a135-11e9-9cda-0a87ae2ba916,462
9e1fbaaa-e872-4505-ada6-5080e62bef77,463
a3aaf7bc-a135-11e9-9cda-0a87ae2ba916,464
a3add365-a135-11e9-9cda-0a87ae2ba916,465
6997d1fb-9887-4c15-b5db-524d45a2f101,466
1879437308430949172,467
a3af76f8-a135-11e9-9cda-0a87ae2ba916,468
a3b49b4c-a135-11e9-9cda-0a87ae2ba916,469
a3a7a4fc-a135-11e9-9cda-0a87ae2ba916,470
a3a513e9-a135-11e9-9cda-0a87ae2ba916,471
a3ad523f-a135-11e9-9cda-0a87ae2ba916,472
a3a781a6-a135-11e9-9cda-0a87ae2ba916,473
a3a4d588-a135-11e9-9cda-0a87ae2ba916,474
a3a59915-a135-11e9-9cda-0a87ae2ba916,475
a3aa9732-a135-11e9-9cda-0a87ae2ba916,476
a3b2956a-a135-11e9-9cda-0a87ae2ba916,477
a3b1cf80-a135-11e9-9cda-0a87ae2ba916,478
a3a3983e-a135-11e9-9cda-0a87ae2ba916,479
a3b128de-a135-11e9-9cda-0a87ae2ba916,480
1929968520492991056,481
1879438378503419960,482
a3a47dde-a135-11e9-9cda-0a87ae2ba916,483
48b2ed2f-18aa-4a9b-b27d-db9f6d0c8c16,484
a3a84fb8-a135-11e9-9cda-0a87ae2ba916,485
a3aa259c-a135-11e9-9cda-0a87ae2ba916,486
a3a734ce-a135-11e9-9cda-0a87ae2ba916,487
a3adc925-a135-11e9-9cda-0a87ae2ba916,488
a3b27bcf-a135-11e9-9cda-0a87ae2ba916,489
a3a9d00a-a135-11e9-9cda-0a87ae2ba916,490
a3a6c910-a135-11e9-9cda-0a87ae2ba916,491
a3a84ab4-a135-11e9-9cda-0a87ae2ba916,492
1890604506489868740,493
a4f9ba74-f1cc-4b6a-90ad-78cacd45d3e1,494
a3a523a6-a135-11e9-9cda-0a87ae2ba916,495
a3a49cd7-a135-11e9-9cda-0a87ae2ba916,496
a3adaa52-a135-11e9-9cda-0a87ae2ba916,497
a3b35e21-a135-11e9-9cda-0a87ae2ba916,498
a3a72aad-a135-11e9-9cda-0a87ae2ba916,499
a3aa54a0-a135-11e9-9cda-0a87ae2ba916,500
a3b2c354-a135-11e9-9cda-0a87ae2ba916,501
a3ae7dc3-a135-11e9-9cda-0a87ae2ba916,502
8a677aec-442b-47b8-aff7-50852e1d26c0,503
1861996658372408268,504
a3aacf29-a135-11e9-9cda-0a87ae2ba916,505
a3b2a9e7-a135-11e9-9cda-0a87ae2ba916,506
a3b43478-a135-11e9-9cda-0a87ae2ba916,507
95185a0d-da45-406a-a892-6b37b0d29fa8,508
1879441011318372516,509
a3b4497a-a135-11e9-9cda-0a87ae2ba916,510
a3a3dc37-a135-11e9-9cda-0a87ae2ba916,511
4fcebf8a-b065-4cd1-a167-211a45ada30e,512
a3acdff9-a135-11e9-9cda-0a87ae2ba916,513
a3a9309d-a135-11e9-9cda-0a87ae2ba916,514
a3a743ff-a135-11e9-9cda-0a87ae2ba916,515
1ce9b7b2-6ef1-4e3b-abd4-85dedaf0ee65,516
10327d47-3c3a-433e-9e38-80638da64232,517
1789242536879942642,518
a3a51934-a135-11e9-9cda-0a87ae2ba916,519
56eccb5b-f4d7-43c5-b554-a6a0a7585e5e,520
a3a74947-a135-11e9-9cda-0a87ae2ba916,521
a3a50991-a135-11e9-9cda-0a87ae2ba916,522
1928767416660546464,523
8759a858-d7eb-4382-b38f-2223c3f9e25d,524
a3a4b693-a135-11e9-9cda-0a87ae2ba916,525
a3b12dfb-a135-11e9-9cda-0a87ae2ba916,526
a3ad5764-a135-11e9-9cda-0a87ae2ba916,527
a3a72fc4-a135-11e9-9cda-0a87ae2ba916,528
a3a7aa0e-a135-11e9-9cda-0a87ae2ba916,529
a3a53d70-a135-11e9-9cda-0a87ae2ba916,530
a3aa82d0-a135-11e9-9cda-0a87ae2ba916,531
2a80f8d9-85dc-4c36-ba07-86d775ffd1ee,532
aea853ed-c70c-4b1b-a7a8-d33869d8d58d,533
a3a4b164-a135-11e9-9cda-0a87ae2ba916,534
a3a89ea8-a135-11e9-9cda-0a87ae2ba916,535
a3b024aa-a135-11e9-9cda-0a87ae2ba916,536
d6456ded-180b-4d6e-b020-3aa80bce5c2c,537
a3ad66e6-a135-11e9-9cda-0a87ae2ba916,538
a3aad436-a135-11e9-9cda-0a87ae2ba916,539
d53ae727-5265-4b8e-a6ca-2a36dc0345c4,540
080ab938-2c1b-4fcf-a83d-74c5ae6ff305,541
a3a7eba7-a135-11e9-9cda-0a87ae2ba916,542
a3acc133-a135-11e9-9cda-0a87ae2ba916,543
1871992684446460008,544
a3ae923d-a135-11e9-9cda-0a87ae2ba916,545
a3a817dc-a135-11e9-9cda-0a87ae2ba916,546
a3a46361-a135-11e9-9cda-0a87ae2ba916,547
a3a87631-a135-11e9-9cda-0a87ae2ba916,548
1863877673940343638,549
a3ae78ab-a135-11e9-9cda-0a87ae2ba916,550
a3a7faf7-a135-11e9-9cda-0a87ae2ba916,551
a3a478c9-a135-11e9-9cda-0a87ae2ba916,552
a3a73ef1-a135-11e9-9cda-0a87ae2ba916,553
a3ae8d13-a135-11e9-9cda-0a87ae2ba916,554
1866476160171649058,555
532a6e43-6efc-4c87-81a8-c75dfd8e8fde,556
97818a9b-0f86-44df-98e6-1bc16812e3d9,557
a3ad2322-a135-11e9-9cda-0a87ae2ba916,558
1890604055552786620,559
a3aabfe3-a135-11e9-9cda-0a87ae2ba916,560
a3accb60-a135-11e9-9cda-0a87ae2ba916,561
a3a43a25-a135-11e9-9cda-0a87ae2ba916,562
a3ac8dfb-a135-11e9-9cda-0a87ae2ba916,563
a3ade7de-a135-11e9-9cda-0a87ae2ba916,564
a3b213af-a135-11e9-9cda-0a87ae2ba916,565
a3a3d6f0-a135-11e9-9cda-0a87ae2ba916,566
a3a4499f-a135-11e9-9cda-0a87ae2ba916,567
1932441496569160306,568
a3a41af5-a135-11e9-9cda-0a87ae2ba916,569
a3af8b51-a135-11e9-9cda-0a87ae2ba916,570
a3a81d33-a135-11e9-9cda-0a87ae2ba916,571
a3aa453c-a135-11e9-9cda-0a87ae2ba916,572
a3b2044b-a135-11e9-9cda-0a87ae2ba916,573
a3b305e7-a135-11e9-9cda-0a87ae2ba916,574
a3aa7897-a135-11e9-9cda-0a87ae2ba916,575
1929537544978749446,576
a3acc649-a135-11e9-9cda-0a87ae2ba916,577
a3ad327e-a135-11e9-9cda-0a87ae2ba916,578
1929119555906179916,579
a3a4e4e3-a135-11e9-9cda-0a87ae2ba916,580
a3a9892f-a135-11e9-9cda-0a87ae2ba916,581
a3a3888b-a135-11e9-9cda-0a87ae2ba916,582
a3aa2ff4-a135-11e9-9cda-0a87ae2ba916,583
a3b01f9c-a135-11e9-9cda-0a87ae2ba916,584
a3aa6e51-a135-11e9-9cda-0a87ae2ba916,585
a3afcd70-a135-11e9-9cda-0a87ae2ba916,586
a3a4203a-a135-11e9-9cda-0a87ae2ba916,587
a3ad3d08-a135-11e9-9cda-0a87ae2ba916,588
a3b0060d-a135-11e9-9cda-0a87ae2ba916,589
a3af40f1-a135-11e9-9cda-0a87ae2ba916,590
13820eba-039d-4231-9228-005ab0f4e451,591
a3aade4c-a135-11e9-9cda-0a87ae2ba916,592
a3a7c852-a135-11e9-9cda-0a87ae2ba916,593
a3aa017e-a135-11e9-9cda-0a87ae2ba916,594
a3a96fd5-a135-11e9-9cda-0a87ae2ba916,595
a3ad0ecb-a135-11e9-9cda-0a87ae2ba916,596
a3a53324-a135-11e9-9cda-0a87ae2ba916,597
1884621142190397936,598
a3a57f6b-a135-11e9-9cda-0a87ae2ba916,599
a3aaaba2-a135-11e9-9cda-0a87ae2ba916,600
a3a5b9d3-a135-11e9-9cda-0a87ae2ba916,601
a3a6de38-a135-11e9-9cda-0a87ae2ba916,602
b8c74f86-2873-4818-88ac-81d9ae374add,603
a3a4fec3-a135-11e9-9cda-0a87ae2ba916,604
1872722290312745226,605
a3a640d1-a135-11e9-9cda-0a87ae2ba916,606
a3ac4024-a135-11e9-9cda-0a87ae2ba916,607
a3a4ef26-a135-11e9-9cda-0a87ae2ba916,608
a3b25b6d-a135-11e9-9cda-0a87ae2ba916,609
a3a80009-a135-11e9-9cda-0a87ae2ba916,610
a3af368c-a135-11e9-9cda-0a87ae2ba916,611
a3b1f4fb-a135-11e9-9cda-0a87ae2ba916,612
a3a7537c-a135-11e9-9cda-0a87ae2ba916,613
7c56e4d5-92ee-4129-9a3a-d2ce89eab31d,614
a3adb9a3-a135-11e9-9cda-0a87ae2ba916,615
1934288056893243658,616
1934289745311123692,617
1933956482619414962,618
a3afe1dc-a135-11e9-9cda-0a87ae2ba916,619
a3a44476-a135-11e9-9cda-0a87ae2ba916,620
a3a9df3a-a135-11e9-9cda-0a87ae2ba916,621
a3a95669-a135-11e9-9cda-0a87ae2ba916,622
a3acb6f3-a135-11e9-9cda-0a87ae2ba916,623
1887668523852444498,624
a3b2ec43-a135-11e9-9cda-0a87ae2ba916,625
a3ace51b-a135-11e9-9cda-0a87ae2ba916,626
a3a99346-a135-11e9-9cda-0a87ae2ba916,627
1879439877447006990,628
1927347094828755902,629
1866822399451882164,630
a3b1ca28-a135-11e9-9cda-0a87ae2ba916,631
a3afdcbf-a135-11e9-9cda-0a87ae2ba916,632
a3a7e69e-a135-11e9-9cda-0a87ae2ba916,633
1869786699581020630,634
a3a93b6d-a135-11e9-9cda-0a87ae2ba916,635
a3aafccb-a135-11e9-9cda-0a87ae2ba916,636
a3b36d8a-a135-11e9-9cda-0a87ae2ba916,637
a3aa3adf-a135-11e9-9cda-0a87ae2ba916,638
a3ae6e48-a135-11e9-9cda-0a87ae2ba916,639
a3a51e6e-a135-11e9-9cda-0a87ae2ba916,640
a3aaf2ac-a135-11e9-9cda-0a87ae2ba916,641
a3ad1900-a135-11e9-9cda-0a87ae2ba916,642
a3ae687f-a135-11e9-9cda-0a87ae2ba916,643
a3b4963f-a135-11e9-9cda-0a87ae2ba916,644
a3a93622-a135-11e9-9cda-0a87ae2ba916,645
a3b0b801-a135-11e9-9cda-0a87ae2ba916,646
a3ac6f28-a135-11e9-9cda-0a87ae2ba916,647
a3a762a1-a135-11e9-9cda-0a87ae2ba916,648
a3affb22-a135-11e9-9cda-0a87ae2ba916,649
bbb67562-1f82-4dfa-a532-231ddc35444e,650
a3a71b0a-a135-11e9-9cda-0a87ae2ba916,651
a3b2cd97-a135-11e9-9cda-0a87ae2ba916,652
a3b2fbb6-a135-11e9-9cda-0a87ae2ba916,653
a2aa2a53-3439-459b-9345-c21435e99a72,654
a3a80f32-a135-11e9-9cda-0a87ae2ba916,655
a3b4590f-a135-11e9-9cda-0a87ae2ba916,656
a3b0fff9-a135-11e9-9cda-0a87ae2ba916,657
a3acf4eb-a135-11e9-9cda-0a87ae2ba916,658
a3a3fb5d-a135-11e9-9cda-0a87ae2ba916,659
a3a7b41d-a135-11e9-9cda-0a87ae2ba916,660
a3a5428e-a135-11e9-9cda-0a87ae2ba916,661
a3a95b7a-a135-11e9-9cda-0a87ae2ba916,662
a3b123c5-a135-11e9-9cda-0a87ae2ba916,663
a3b0b291-a135-11e9-9cda-0a87ae2ba916,664
a3a790cc-a135-11e9-9cda-0a87ae2ba916,665
a3aaa17b-a135-11e9-9cda-0a87ae2ba916,666
a3a5c96f-a135-11e9-9cda-0a87ae2ba916,667
a3adc3f6-a135-11e9-9cda-0a87ae2ba916,668
a3a58495-a135-11e9-9cda-0a87ae2ba916,669
1932088872431302840,670
a3a42fa7-a135-11e9-9cda-0a87ae2ba916,671
1859717767703464460,672
a3a634dd-a135-11e9-9cda-0a87ae2ba916,673
a3b2f15e-a135-11e9-9cda-0a87ae2ba916,674
a3b3a0c8-a135-11e9-9cda-0a87ae2ba916,675
a3a95142-a135-11e9-9cda-0a87ae2ba916,676
a3a3cbac-a135-11e9-9cda-0a87ae2ba916,677
a3a74e60-a135-11e9-9cda-0a87ae2ba916,678
1879439147302566804,679
a3a4a202-a135-11e9-9cda-0a87ae2ba916,680
a5a5cb39-a6ee-45bc-96a0-6455ae111bad,681
a3ac0fff-a135-11e9-9cda-0a87ae2ba916,682
a3a9cafa-a135-11e9-9cda-0a87ae2ba916,683
cec28069-2a36-48e1-bcec-2364b44834c4,684
a3a6002c-a135-11e9-9cda-0a87ae2ba916,685
1870193411073343610,686
b09832de-1c8e-4b92-bd72-bd98dc80b92c,687
ee925757-31ce-41ad-9bb7-73b1bb363616,688
a3af7c0e-a135-11e9-9cda-0a87ae2ba916,689
a3aff10c-a135-11e9-9cda-0a87ae2ba916,690
a3b23263-a135-11e9-9cda-0a87ae2ba916,691
a3b2513d-a135-11e9-9cda-0a87ae2ba916,692
a3a9607f-a135-11e9-9cda-0a87ae2ba916,693
a3a5bf01-a135-11e9-9cda-0a87ae2ba916,694
a3a60a65-a135-11e9-9cda-0a87ae2ba916,695
1927730149429352986,696
1890602768178733256,697
a3adb48a-a135-11e9-9cda-0a87ae2ba916,698
a3aa4a58-a135-11e9-9cda-0a87ae2ba916,699
4c57c316-82a8-4b9d-a16c-ae7922a2057a,700
a3a639f5-a135-11e9-9cda-0a87ae2ba916,701
a3aa1623-a135-11e9-9cda-0a87ae2ba916,702
a3b0ccad-a135-11e9-9cda-0a87ae2ba916,703
a3a7d782-a135-11e9-9cda-0a87ae2ba916,704
1872723419889143870,705
a3a87b3f-a135-11e9-9cda-0a87ae2ba916,706
a3aded13-a135-11e9-9cda-0a87ae2ba916,707
1859027847673133268,708
a3b39bb0-a135-11e9-9cda-0a87ae2ba916,709
a3a9f256-a135-11e9-9cda-0a87ae2ba916,710
62cb5f1d-7dcb-4fe1-849f-d928288d73b9,711
a3af3bac-a135-11e9-9cda-0a87ae2ba916,712
a3aa640c-a135-11e9-9cda-0a87ae2ba916,713
a3b11ea4-a135-11e9-9cda-0a87ae2ba916,714
a3a80a1e-a135-11e9-9cda-0a87ae2ba916,715
1859718111300847802,716
1929516918167933834,717
a3a715ce-a135-11e9-9cda-0a87ae2ba916,718
a3a940a2-a135-11e9-9cda-0a87ae2ba916,719
a3a79fdc-a135-11e9-9cda-0a87ae2ba916,720
a3aaed81-a135-11e9-9cda-0a87ae2ba916,721
a3b0e141-a135-11e9-9cda-0a87ae2ba916,722
a3aae870-a135-11e9-9cda-0a87ae2ba916,723
a3a40088-a135-11e9-9cda-0a87ae2ba916,724
a3a9984a-a135-11e9-9cda-0a87ae2ba916,725
a3adaf6b-a135-11e9-9cda-0a87ae2ba916,726
a3ae737f-a135-11e9-9cda-0a87ae2ba916,727
a3b2a4ca-a135-11e9-9cda-0a87ae2ba916,728
a3b1330c-a135-11e9-9cda-0a87ae2ba916,729
a3b26fee-a135-11e9-9cda-0a87ae2ba916,730
a3aab0b6-a135-11e9-9cda-0a87ae2ba916,731
a3ad8fd9-a135-11e9-9cda-0a87ae2ba916,732
a3b2af02-a135-11e9-9cda-0a87ae2ba916,733
a3ac1bc9-a135-11e9-9cda-0a87ae2ba916,734
a3a555e8-a135-11e9-9cda-0a87ae2ba916,735
a3ad09b2-a135-11e9-9cda-0a87ae2ba916,736
a3b2767f-a135-11e9-9cda-0a87ae2ba916,737
03a1610c-3ba0-4b85-b512-bc26791cb7ee,738
a3a6ed98-a135-11e9-9cda-0a87ae2ba916,739
a3af71a9-a135-11e9-9cda-0a87ae2ba916,740
1861593053874186306,741
a3b029be-a135-11e9-9cda-0a87ae2ba916,742
a3b4a05c-a135-11e9-9cda-0a87ae2ba916,743
a3ac88db-a135-11e9-9cda-0a87ae2ba916,744
a3a767b1-a135-11e9-9cda-0a87ae2ba916,745
a3afa9dc-a135-11e9-9cda-0a87ae2ba916,746
a3ac213b-a135-11e9-9cda-0a87ae2ba916,747
a3b01578-a135-11e9-9cda-0a87ae2ba916,748
a3a7775b-a135-11e9-9cda-0a87ae2ba916,749
cefa52d6-b185-4969-89a6-20eb65f5c294,750
a3ad37c2-a135-11e9-9cda-0a87ae2ba916,751
a3a54cdb-a135-11e9-9cda-0a87ae2ba916,752
a3a60f7e-a135-11e9-9cda-0a87ae2ba916,753
a3a701b8-a135-11e9-9cda-0a87ae2ba916,754
a3a7f5ea-a135-11e9-9cda-0a87ae2ba916,755
a3afaef3-a135-11e9-9cda-0a87ae2ba916,756
1838613156025764214,757
59019cbc-47d4-4743-afb2-e71e9767df0c,758
a3a70bbd-a135-11e9-9cda-0a87ae2ba916,759
a3a9fc75-a135-11e9-9cda-0a87ae2ba916,760
1885794833713023406,761
a3b443ce-a135-11e9-9cda-0a87ae2ba916,762
a3aa1b5b-a135-11e9-9cda-0a87ae2ba916,763
a3a3c696-a135-11e9-9cda-0a87ae2ba916,764
1931403472863201974,765
a3a98e37-a135-11e9-9cda-0a87ae2ba916,766
a3a83181-a135-11e9-9cda-0a87ae2ba916,767
a3a6d884-a135-11e9-9cda-0a87ae2ba916,768
a3a5fb0d-a135-11e9-9cda-0a87ae2ba916,769
a3a9b6e9-a135-11e9-9cda-0a87ae2ba916,770
a3b1050d-a135-11e9-9cda-0a87ae2ba916,771
a3a4881d-a135-11e9-9cda-0a87ae2ba916,772
a3a739e4-a135-11e9-9cda-0a87ae2ba916,773
a3a4739d-a135-11e9-9cda-0a87ae2ba916,774
a3a83698-a135-11e9-9cda-0a87ae2ba916,775
a3a840a6-a135-11e9-9cda-0a87ae2ba916,776
1872721938125427506,777
a3aa2078-a135-11e9-9cda-0a87ae2ba916,778
a3a945c0-a135-11e9-9cda-0a87ae2ba916,779
a3b44eba-a135-11e9-9cda-0a87ae2ba916,780
a3afebff-a135-11e9-9cda-0a87ae2ba916,781
a3a98429-a135-11e9-9cda-0a87ae2ba916,782
a3a845b0-a135-11e9-9cda-0a87ae2ba916,783
a3a710c5-a135-11e9-9cda-0a87ae2ba916,784
a3a4a71e-a135-11e9-9cda-0a87ae2ba916,785
a3b1e065-a135-11e9-9cda-0a87ae2ba916,786
a3ac54af-a135-11e9-9cda-0a87ae2ba916,787
a3a56ae5-a135-11e9-9cda-0a87ae2ba916,788
a3b1e588-a135-11e9-9cda-0a87ae2ba916,789
a3ad47f8-a135-11e9-9cda-0a87ae2ba916,790
1806749761557578336,791
1674190192302369104,792
1674190145057728760,793
1674190183712434508,794
1674190364101061262,795
1674190402755766968,796
1674190458590341922,797
1806749752967643692,798
1563698688321392628,799
1674190200892303716,800
1674190544489687992,801
1695776985249749774,802
1674190596029295628,803
1674190299676551698,804
1715823829734775370,805
1806753661387883378,806
1575949510978564830,807
1806749718607905182,808
1677249819534170176,809
1674190544489687994,810
1674190424230603496,811
1806749722902872482,812
1695776991300383222,813
1806753648502981410,814
1677249866778810508,815
1806753639913046782,816
1674190690518576300,817
1674190660453805190,818
1806753661387883380,819
1806749722902872480,820
1806753638588148344,821
1806749727197839808,822
1674190505834982262,823
1674190454295374622,824
1674190411345701574,825
1806753657092916056,826
1677249802354300978,827
1674190643273935970,828
1695776961235612130,829
1674190432820538108,830
1674190441410472714,831
1677249819534170178,832
1673852330577033842,833
1448642162257565290,834
1674190557374589898,835
1715823818359104470,836
1561012870126088744,837
1695776937826575008,838
1806753639913046764,839
1674190402755766970,840
1674190621799099448,841
1695777010841019090,842
1677249862483843200,843
1806749727197839814,844
1677249866778810506,845
1695776978415481326,846
1674190621799099446,847
1561012870126088746,848
1673852326282066544,849
1436495105198659242,850
1715846692616110944,851
1594046370923369112,852
1806749722902872502,853
1674190432820538104,854
1674190656158837890,855
1677249780879464466,856
1674190617504132138,857
1806749722902872486,858
1806753647178082938,859
1674190359806093962,860
1715823805474202570,861
1683527937875852272,862
1571105042230683640,863
1674190355511126654,864
1806753661387883388,865
1806749757262611038,866
1674190321151388226,867
1806753644208014084,868
1594046388103238326,869
1806753629998213750,870
1677249772289529864,871
1674190162237597978,872
1695776942300076784,873
1683527967940622362,874
1806753665682850696,875
1674190600324262930,876
1715846704448749936,877
1674190192302369108,878
1806753652797948724,879
1674190372690995870,880
1571105068000485406,881
1806753665682850702,882
1806749718607905152,883
1806753639913046770,884
1582242276682913304,885
1674190669043739800,886
1582242293862782510,887
1695777019609488196,888
1674190372690995868,889
1695776940340809768,890
1674190535899753382,891
1674190626094066752,892
1806753648502981416,893
1715823829734775372,894
1677249815239202874,895
1827474404723843682,896
1674190561669557206,897
1827474409018810988,898
1674190544489687990,899
1674190428525570798,900
1674190196597336406,901
1674190256726878654,902
1674190553079622596,903
1677249862483843202,904
1683527972235589660,905
1674190321151388220,906
1674190368396028568,907
1575949515273532128,908
1674190497245047652,909
1677249780879464468,910
1695776956940644828,911
1571105055115583496,912
1695776969825546724,913
1674190634684001358,914
1674190475770211134,915
1674190170827532590,916
1594046439642845944,917
1827474409018810992,918
1575949528158434034,919
1674190162237597976,920
1806753631323112140,921
1677249853893908602,922
1674190411345701580,923
1674190162237597974,924
1806749731492807132,925
1674190252431911356,926
1674190553079622598,927
1806753648502981404,928
1683527935820123118,929
1715846718385914742,930
1677249828124104788,931
1674190608914197536,932
1674190286791649780,933
1806753635618079460,934
1674190205187271018,935
1674190376985963176,936
1674190492950080348,937
1674190424230603490,938
1674190574554459116,939
1806753631323112124,940
1674190381280930478,941
1674190140762761460,942
1806753657092916066,943
1806753661387883374,944
1806749718607905156,945
1448642179437434486,946
1715846713038684536,947
1806749731492807128,948
1806749735787774446,949
1674190488655113044,950
1715823782490135060,951
1674190535899753386,952
1674190230957074838,953
1594041777104953202,954
1674190501540014954,955
1674190565964524508,956
1806749718607905162,957
1677249845303973996,958
1674190596029295624,959
1674190364101061264,960
1674190209482238318,961
1674190492950080350,962
1674190209482238320,963
1591541115825893018,964
1674190265316813260,965
1674190278201715172,966
1674190325446355526,967
1806753648502981412,968
1806749727197839820,969
1683527965884893196,970
1674190570259491814,971
1674190467180276528,972
1695776968069880576,973
1806749757262611022,974
1674190415640668882,975
1806753631323112128,976
1806749718607905164,977
1674190488655113048,978
1806753648502981402,979
1715823822654071768,980
1606778059648526978,981
1715823795375036962,982
1674190179417467200,983
1674190578849426418,984
1674190269611780566,985
1561012878716023344,986
1674190565964524510,987
1715846688321143646,988
1674190591734328326,989
1673852313397164652,990
1806749744377709060,991
1582242298157749812,992
1683527972235589666,993
1674190583144393720,994
1806753648502981418,995
1674190608914197534,996
1674190419935636184,997
1806753635618079448,998
1563698701206292480,999
1594046392398205628,1000
1683527931525155814,1001
1582242280977880604,1002
1674190677633674408,1003
1806749748672676386,1004
1674190376985963174,1005
1674190647568903268,1006
1594046396693172926,1007
1448642183732401788,1008
1674190441410472712,1009
1674190200892303712,1010
1436495096608724634,1011
1806749722902872500,1012
1674190553079622600,1013
1677249879663712418,1014
1677249871073777808,1015
1674190376985963172,1016
1677249789469399068,1017
1806749744377709072,1018
1674190471475243832,1019
1806749757262611032,1020
1715823821144840768,1021
1674190596029295630,1022
1683527948705025018,1023
1695777015314520896,1024
1594041785694887804,1025
1806753635618079456,1026
1677249841009006694,1027
1674190531604786080,1028
1806749744377709070,1029
1674190505834982258,1030
1806749757262611012,1031
1436495100903691938,1032
1806753661387883394,1033
1674190269611780570,1034
1674190261021845958,1035
1563698718386161690,1036
1674190183712434504,1037
1521690221159885714,1038
1674190209482238322,1039
1715823805474202572,1040
1674190325446355528,1041
1674190248136944056,1042
1674190273906747868,1043
1806749722902872494,1044
1561012891600925250,1045
1695776944055742932,1046
1674190454295374616,1047
1806749718607905172,1048
1806749748672676394,1049
1674190548784655294,1050
1563698688321392630,1051
1674190140762761456,1052
1677249798059333674,1053
1593766338948359058,1054
1674190630389034054,1055
1806753652797948734,1056
1806753657092916076,1057
1806753661387883396,1058
1806753631323112142,1059
1674190239547009456,1060
1806749718607905180,1061
1594041781399920506,1062
1674190660453805188,1063
1674190574554459120,1064
1806753664357952126,1065
1715823816849873464,1066
1674190415640668880,1067
1674190501540014960,1068
1674190484360145738,1069
1677249875368745110,1070
1806753652797948750,1071
1674190497245047650,1072
1806753644208014082,1073
1594046413873042136,1074
1521679584953491780,1075
1674190437115505406,1076
1806749752967643708,1077
1806749740082741752,1078
1674190411345701582,1079
1715823812554906162,1080
1594046379513303716,1081
1674190514424916872,1082
1695777003591137960,1083
1674190256726878658,1084
1674190441410472710,1085
1806753631323112136,1086
1683527931525155816,1087
1695776995595350524,1088
1715846713038684540,1089
1674190510129949568,1090
1674190200892303714,1091
1806749722902872488,1092
1677249793764366368,1093
1677249828124104782,1094
1806749752967643704,1095
1674190282496682480,1096
1571105046525650938,1097
1674190235252042152,1098
1674190368396028570,1099
1806753635618079458,1100
1806753644208014088,1101
1575949528657471478,1102
1806749757262611018,1103
1674190179417467202,1104
1594046409578074830,1105
1674190510129949570,1106
1674190196597336410,1107
1594046405283107528,1108
1806753657092916070,1109
1806753639913046780,1110
1582242280977880602,1111
1677249789469399070,1112
1594046409578074834,1113
1677249849598941294,1114
1753333909108677614,1115
1674190535899753380,1116
1674190308266486308,1117
1683527944410057716,1118
1677249767994562566,1119
1677249883958679720,1120
1674190342626224740,1121
1674190475770211132,1122
1683527927230188516,1123
1677249802354300976,1124
1677249853893908600,1125
1677249832419072086,1126
1674190218072172924,1127
1806749752967643694,1128
1827474409018810998,1129
1674190385575897778,1130
1695780078787721700,1131
1571105055115583502,1132
1806749722902872484,1133
1806749727197839806,1134
1683527959350687752,1135
1806753652797948726,1136
1674190316856420914,1137
1674190617504132140,1138
1575949506683597522,1139
1806753665682850706,1140
1827474404723843684,1141
1674190450000407314,1142
1594046362333434512,1143
1806749748672676382,1144
1806749718607905176,1145
1674190329741322832,1146
1715823825439808068,1147
1593766347538293664,1148
1594046435347878642,1149
1683527948705024000,1150
1715846714090947442,1151
1674190407050734268,1152
1806749748672676390,1153
1594041781399920504,1154
1674190617504132144,1155
1806749727197839818,1156
1806749727197839816,1157
1715823779704398766,1158
1594046431052911340,1159
1448642175142467184,1160
1563698675436490728,1161
1677249871073777812,1162
1594046413873042132,1163
1677249776584497168,1164
1806753648502981414,1165
1674190613209164836,1166
1674190230957074840,1167
1674190170827532584,1168
1695780083082689004,1169
1806749731492807130,1170
1674190166532565282,1171
1674190527309818774,1172
1674190213777205624,1173
1521686986436309688,1174
1806749752967643710,1175
1563698718386161692,1176
1674190346921192044,1177
1674190557374589902,1178
1674190334036290140,1179
1806753648502981408,1180
1436495122378528446,1181
1674190664748772496,1182
1674190226662107538,1183
1674190527309818772,1184
1806749731492807144,1185
1695777014128478334,1186
1806753652797948722,1187
1674190514424916874,1188
1806749744377709068,1189
1674190355511126658,1190
1582242298157749814,1191
1695776946416509604,1192
1674190673338707098,1193
1674190286791649784,1194
1674190548784655292,1195
1674190261021845960,1196
1563698684026425330,1197
1674190694813543598,1198
1715846705501012842,1199
1677249888253647022,1200
1674190527309818776,1201
1674190458590341928,1202
1674190291086617084,1203
1677249871073777806,1204
1674190634684001356,1205
1575949510978564828,1206
1594046426757944042,1207
1674190342626224744,1208
1806753639913046778,1209
1806753661387883384,1210
1571105063705518104,1211
1594046448232780546,1212
1695780091296484234,1213
1674190467180276530,1214
1677249841009006688,1215
1806749727197839826,1216
1806753639913046768,1217
1674190325446355532,1218
1674190669043739798,1219
1571105050820616196,1220
1594046418168009438,1221
1563698709796227088,1222
1674190321151388222,1223
1563698679731458032,1224
1594046443937813244,1225
1674190205187271016,1226
1674190312561453612,1227
1622724289952663440,1228
1674190626094066746,1229
1806749748672676392,1230
1674190316856420920,1231
1674190269611780562,1232
1673852313397164648,1233
1674190415640668886,1234
1674190303971518998,1235
1806749727197839810,1236
1674190647568903272,1237
1674190222367140226,1238
1683527942170819574,1239
1715846717333651852,1240
1582242302452717114,1241
1806753655768017532,1242
1677249785174431768,1243
1806749740082741754,1244
1594046405283107532,1245
1806749727197839822,1246
1683527950760754174,1247
1674190445705440012,1248
1674190462885309226,1249
1594046370923369114,1250
1677249858188875902,1251
1827474409018810994,1252
1436495115557663136,1253
1674190282496682476,1254
1674190587439361020,1255
1806749757262611030,1256
1806749757262611036,1257
1674190570259491812,1258
1806753669977818026,1259
1683527955055720452,1260
1674190166532565286,1261
1674190188007401806,1262
1683527942170819570,1263
1695780087377656306,1264
1674190673338707100,1265
1674190480065178438,1266
1674190303971519000,1267
1806753657092916052,1268
1674190145057728764,1269
1674190359806093956,1270
1677249875368745118,1271
1806749744377709062,1272
1582242306747684414,1273
1674190299676551700,1274
1594046383808271024,1275
1674190677633674404,1276
1715846691563848024,1277
1674190149352696066,1278
1695777004185285124,1279
1674190450000407318,1280
1674190346921192042,1281
1806753669977818022,1282
1674190175122499894,1283
1674190183712434502,1284
1715823812554906166,1285
1683527957294958598,1286
1806749731492807136,1287
1674190428525570794,1288
1806753657092916074,1289
1674190334036290138,1290
1594046435347878644,1291
1695777017650221152,1292
1806753652797948746,1293
1715823801179235270,1294
1806753648502981424,1295
1677249836714039386,1296
1448642179437434482,1297
1575949519568499430,1298
1806753652797948730,1299
1674190523014851470,1300
1674190432820538100,1301
1674190316856420916,1302
1594041777104953206,1303
1436495109493626544,1304
1563698722681128992,1305
1683527937875852268,1306
1806753635618079450,1307
1674190166532565278,1308
1594046465420805300,1309
1806749747347777950,1310
1674190497245047656,1311
1715823801179235264,1312
1674190458590341924,1313
1677249793764366370,1314
1594046452527747848,1315
1674190488655113046,1316
1674190230957074842,1317
1695776990330095648,1318
1561012895895892548,1319
1806753644208014090,1320
1582242323927553626,1321
1674190651863870574,1322
1806749748672676376,1323
1594046456830870690,1324
1715846696911078242,1325
1715823783999366064,1326
1571105059410550806,1327
1806753669977818016,1328
1677249802354300980,1329
1674190329741322836,1330
1674190583144393718,1331
1677249810944235574,1332
1677249849598941300,1333
1674190647568903276,1334
1674190235252042142,1335
1674190561669557208,1336
1674190437115505412,1337
1677249823829137478,1338
1674190273906747874,1339
1674190308266486300,1340
1436495118083561146,1341
1806749748672676378,1342
1674190243841976756,1343
1695780078787721704,1344
1582242289567815212,1345
1674190295381584396,1346
1674190462885309230,1347
1806749755937712544,1348
1715846708743717234,1349
1674190222367140232,1350
1806749735787774448,1351
1436495109493626546,1352
1674190638978968662,1353
1561012883010990646,1354
1674190153647663368,1355
1806749731492807142,1356
1594046448232780548,1357
1695776948350710230,1358
1436495105198659246,1359
1593766347538293666,1360
1674190295381584392,1361
1806749740082741756,1362
1674190170827532586,1363
1674190527309818770,1364
1674190630389034056,1365
1563698675436490730,1366
1715846691563848032,1367
1674190643273935964,1368
1674190660453805192,1369
1674190591734328322,1370
1677249862483843204,1371
1674190462885309228,1372
1674190153647663366,1373
1806753665682850704,1374
1674190286791649782,1375
1674190145057728766,1376
1677249866778810502,1377
1674190261021845962,1378
1695777002429618978,1379
1806753648502981398,1380
1674190647568903270,1381
1677249853893908598,1382
1695776980954782472,1383
1674190501540014956,1384
1674190604619230232,1385
1683527963645655060,1386
1806753665682850708,1387
1571105063705518106,1388
1806749757262611028,1389
1695777008480252434,1390
1695776989544717076,1391
1674190265316813264,1392
1561012887305957948,1393
1806749752967643696,1394
1683527955055720454,1395
1674190372690995872,1396
1575949532952438778,1397
1674190222367140228,1398
1674190338331257440,1399
1677249793764366376,1400
1674190291086617088,1401
1674190351216159354,1402
1563698718386161684,1403
1806749731492807140,1404
1695776941114034252,1405
1571105055115583500,1406
1448642175142467180,1407
1448642188027369086,1408
1715823796884267962,1409
1674190578849426420,1410
1594046418168009436,1411
1806749727197839828,1412
1806749752967643706,1413
1806753652797948736,1414
1715846695858815334,1415
1674190630389034058,1416
1674190218072172928,1417
1806749740082741758,1418
1674190467180276532,1419
1677249819534170180,1420
1806753639913046774,1421
1715846701206045544,1422
1674190694813543600,1423
1674190243841976758,1424
1806749731492807134,1425
1806749748672676388,1426
1674190638978968664,1427
1806749757262611014,1428
1674190424230603494,1429
1448642183732401786,1430
1683527948705025022,1431
1674190338331257442,1432
1806749718607905154,1433
1677249836714039390,1434
1806753652797948752,1435
1674190359806093958,1436
1674190471475243834,1437
1806753661387883392,1438
1674190531604786074,1439
1674190213777205620,1440
1575949506683597526,1441
1593766338948359064,1442
1683527963645655062,1443
1677249772289529866,1444
1674190651863870576,1445
1695776948350710232,1446
1582242289567815208,1447
1674190338331257438,1448
1827484051430132402,1449
1674190175122499898,1450
1448642162257565286,1451
1806753657092916064,1452
1674190664748772494,1453
1594046439642845942,1454
1677249845303973992,1455
1674190587439361022,1456
1674190475770211138,1457
1674190454295374620,1458
1806749727197839824,1459
1695780087377656308,1460
1571105042230683636,1461
1674190407050734276,1462
1683527933580884970,1463
1715823812554906158,1464
1571105059410550802,1465
1806753665682850694,1466
1594046456822715152,1467
1674190600324262932,1468
1806749744377709066,1469
1677249888253647024,1470
1806753652797948728,1471
1806753661387883382,1472
1674190149352696064,1473
1594046400988140228,1474
1806753635618079462,1475
1806749748672676384,1476
1695776963774913278,1477
1677249883958679718,1478
1674190480065178436,1479
1674190656158837886,1480
1715846709795980144,1481
1674190334036290136,1482
1674190510129949562,1483
1806749761557578338,1484
1806753661387883376,1485
1594046448262943690,1486
1674190673338707102,1487
1806753652797948744,1488
1806753657092916062,1489
1674190613209164834,1490
1674190514424916870,1491
1582242315337619018,1492
1594046392398205624,1493
1674190540194720686,1494
1674190643273935966,1495
1673852317692131950,1496
1622723153590485808,1497
1674190222367140236,1498
1695776976641823202,1499
1674190617504132142,1500
1674190278201715174,1501
1806749722902872498,1502
1806753657092916058,1503
1674190351216159352,1504
1715846718385914740,1505
1674190557374589904,1506
1806753635618079454,1507
1674190419935636190,1508
1594046379513303720,1509
1806749744377709064,1510
1674190544489687988,1511
1674190256726878660,1512
1806753648502981400,1513
1674190677633674406,1514
1677249815239202878,1515
1674190664748772492,1516
1674190574554459112,1517
1806753639913046772,1518
1674190157942630672,1519
1674190638978968660,1520
1715823826949039076,1521
1695776995595350522,1522
1674190419935636188,1523
1674190475770211136,1524
1674190450000407316,1525
1674190265316813262,1526
1594046422462976738,1527
1827474404723843690,1528
1674190587439361024,1529
1575949515273532130,1530
1827484051430132400,1531
1806753644208014096,1532
1695776969825546726,1533
1582242285272847904,1534
1500206163166594382,1535
1674190608914197532,1536
1674190329741322834,1537
1674190505834982260,1538
1683527931525155818,1539
1674190278201715178,1540
1806749744377709074,1541
1674190540194720684,1542
1674190235252042148,1543
1674190136467794156,1544
1594041785694887806,1545
1806749734462876060,1546
1674190492950080346,1547
1806753665682850712,1548
1806753635618079452,1549
1677249823829137480,1550
1677249858188875900,1551
1674190334036290134,1552
1677249849598941296,1553
1806753665682850716,1554
1695776957520678960,1555
1715823822654071770,1556
1695776950890011384,1557
1674190510129949566,1558
1674190450000407312,1559
1715823816849873466,1560
1677249845303973994,1561
1806749722902872496,1562
1674190239547009458,1563
1677249785174431766,1564
1806749748672676380,1565
1806749731492807138,1566
1827484051430132398,1567
1806749744377709058,1568
1677249798059333678,1569
1715846700153782636,1570
1695777002429618974,1571
1594046383808271020,1572
1683527950760754170,1573
1563698701206292482,1574
1715823792589300662,1575
1594046388103238324,1576
1683527952999991298,1577
1674190540194720688,1578
1715846705501012844,1579
1593766334653391756,1580
1806749722902872504,1581
1695776953225711660,1582
1674190312561453608,1583
1695780074116615022,1584
1674190561669557204,1585
1674190205187271014,1586
1674190226662107534,1587
1448642188027369090,1588
1575949519568499428,1589
1674190381280930476,1590
1674190355511126652,1591
1674190226662107536,1592
1594046422462976736,1593
1674190364101061260,1594
1582242319632586320,1595
1806753631323112134,1596
1674190656158837882,1597
1674190407050734272,1598
1806753644208014100,1599
1674190303971519002,1600
1674190157942630676,1601
1806753657092916072,1602
1806753661387883390,1603
1674190484360145744,1604
1674190402755766966,1605
1674190651863870582,1606
1674190291086617090,1607
1806753648502981420,1608
1806753669977818020,1609
1561012874421056044,1610
1674190565964524512,1611
1683527959350687758,1612
1806753652797948732,1613
1806749744377709078,1614
1677249879663712420,1615
1683527927230188514,1616
1806749718607905168,1617
1695776938005109486,1618
1806749731492807126,1619
1715823791080069664,1620
1674190183712434506,1621
1695776956346497674,1622
1674190192302369106,1623
1674190445705440014,1624
1674190239547009450,1625
1674190346921192048,1626
1677249823829137482,1627
1674190213777205626,1628
1674190467180276534,1629
1674190368396028562,1630
1593766343243326364,1631
1715846700153782638,1632
1677249828124104786,1633
1674190273906747872,1634
1674190480065178440,1635
1806749757262611010,1636
1674190239547009454,1637
1806749722902872490,1638
1677249815239202876,1639
1674190613209164838,1640
1575949498093662918,1641
1674190531604786076,1642
1677249785174431770,1643
1674190437115505410,1644
1674190604619230230,1645
1674190381280930480,1646
1677249841009006690,1647
1674190673338707104,1648
1806749735787774444,1649
1806749752967643698,1650
1674190424230603488,1651
1436495119852630436,1652
1806753665682850718,1653
1695780083082689008,1654
1594046400988140226,1655
1806753639913046766,1656
1674190299676551694,1657
1695776991300383220,1658
1674190346921192050,1659
1674190686223609002,1660
1677249888253647030,1661
1677249883958679722,1662
1582242323927553620,1663
1806749752967643712,1664
1677249772289529870,1665
1674190179417467196,1666
1677249875368745112,1667
1683527974474827792,1668
1715823786785102364,1669
1806749757262611026,1670
1806749725872941466,1671
1695776998116659702,1672
1677249793764366374,1673
1594046456822715150,1674
1674190664748772498,1675
1806749731492807146,1676
1674190600324262928,1677
1806753652797948740,1678
1806749722902872506,1679
1695776985071215288,1680
1563698705501259788,1681
1674190484360145746,1682
1674190157942630668,1683
1674190591734328324,1684
1695777004185285136,1685
1674190634684001360,1686
1674190295381584388,1687
1582242306747684418,1688
1674190398460799668,1689
1695776985249749776,1690
1674190282496682478,1691
1674190621799099444,1692
1715823796884267966,1693
1677249836714039384,1694
1683527967940622360,1695
1561012887305957952,1696
1575949493798695614,1697
1715846688321143644,1698
1594046461117682452,1699
1806753631323112148,1700
1674190218072172926,1701
1674190428525570800,1702
1806753644208014098,1703
1806749757262611020,1704
1674190166532565276,1705
1674190312561453616,1706
1582242302452717116,1707
1674190308266486306,1708
1806753644208014094,1709
1674190407050734270,1710
1674190523014851472,1711
1715823808259938858,1712
